id,first_name,last_name,gender,address1,city,state_abbr,postcode,country_code,job_title,phone_number,email,ssn,birth_date,hire_date
448.0,Leslie,Anderson,F,919 Regina Mountains Suite 833,Weaverside,IA,51952,US,Occupational psychologist,+1-623-928-6012x9040,bklein@example.com,746-74-7285,1995-06-04,2016-03-10
229.0,Brent,Taylor,M,6468 Andrews Place,Silvamouth,MN,56397,US,Air cabin crew,392-358-9913x944,enash@example.org,353-09-6726,1994-05-08,2015-03-07
14.0,Randy,Salas,M,906 Pierce Harbors,North Kyle,NE,68010,US,Clinical cytogeneticist,+1-780-436-4942x055,hbennett@example.com,660-77-9163,1981-08-22,2023-08-16
53.0,Devon,Walters,M,6484 Smith Mall,Andrewshire,NY,11092,US,Best boy,+1-657-955-9470x9005,brittany52@example.com,190-41-6049,1993-07-01,2017-05-05
120.0,James,Barton,M,248 Desiree Grove,West Jacob,WY,82892,US,Chief Strategy Officer,595-953-7215,jeffrey10@example.net,196-41-9419,1982-12-08,2017-06-20
159.0,Angela,Harvey,F,4847 Walters Highway,Carrollton,SD,57424,US,"Designer, furniture",907.698.6830,pamela19@example.com,123-32-0739,1980-07-24,2022-02-12
325.0,Thomas,Mosley,M,007 George Hills Apt. 088,Brownville,NY,12797,US,Comptroller,687-405-3318x123,freemanashley@example.com,052-97-4447,1983-12-21,2020-06-23
28.0,Jay,Kennedy,M,20101 Villegas Walk,New Waynemouth,NC,27327,US,International aid/development worker,756-869-4543,andersonadam@example.net,390-11-9286,1982-11-09,2018-04-23
392.0,Matthew,Weaver,M,605 Wolf Island,Clementschester,PA,18776,US,Adult nurse,438.249.1636,nicholas84@example.org,476-89-2018,1995-01-08,2021-06-25
345.0,Rebecca,Contreras,F,819 Thomas Freeway Suite 081,Lake Nicoleburgh,NC,28684,US,Aeronautical engineer,310-317-4941x09883,piercemolly@example.org,848-10-3967,1995-12-21,2020-09-22
409.0,Lisa,Molina,F,5965 Burch Lane Apt. 626,Moorefurt,NH,03183,US,"Designer, textile",577-487-9224,sarah84@example.net,723-53-9753,1993-08-27,2020-03-07
19.0,Steve,Parker,M,6329 Allen Orchard Apt. 679,South Beverly,KY,42675,US,"Surveyor, hydrographic",5716607331,pamelaparsons@example.org,192-80-0603,1994-05-24,2017-04-05
404.0,Emily,Henderson,F,14405 Carpenter Spring,Adammouth,AZ,85679,US,Press photographer,(871)339-7628x5141,qeaton@example.org,541-90-6132,1990-11-08,2018-04-07
342.0,Elizabeth,Lowe,F,59881 Romero Circle Suite 922,West Pamela,NV,89572,US,"Programme researcher, broadcasting/film/video",418-925-9684,ledwards@example.net,071-14-2970,1992-01-26,2019-10-25
500.0,James,Garcia,M,0207 Wright Trafficway Suite 567,West Tylerville,WA,98311,US,Geophysicist/field seismologist,001-811-491-2396,micheleyates@example.net,541-22-9313,1982-11-11,2022-09-12
301.0,Rachael,Johnson,F,6589 Schultz Pines Suite 709,Lake Cynthia,MN,55221,US,Facilities manager,628.473.3830x8719,tannerdavis@example.org,027-47-3825,1988-02-04,2019-06-02
103.0,Timothy,Morris,M,219 Jennifer Streets Suite 313,Halebury,AK,99749,US,Interpreter,306-813-2677,debratorres@example.com,469-97-6578,1987-01-05,2019-01-14
196.0,Michelle,Richardson,F,8596 Tara Unions Apt. 452,Fergusonburgh,AZ,85429,US,Advertising copywriter,(496)982-0219,blopez@example.com,459-41-6681,1980-07-10,2021-04-30
194.0,Jamie,Sanders,M,31673 Mason Crescent,Robertaton,IA,51192,US,Haematologist,847.338.4055x510,garciaerin@example.org,175-65-0600,1987-09-16,2016-09-04
296.0,Stephanie,Gonzalez,F,7506 Walton Roads Suite 142,Wilsonfurt,NY,14484,US,"Lecturer, higher education",+1-962-568-5256,echan@example.com,276-22-8308,1991-07-12,2020-05-14
184.0,Melissa,Herring,F,20711 Young Ville,New Monicamouth,VT,05239,US,"Lecturer, further education",(501)536-1594x171,levineselena@example.org,600-02-1837,1983-09-05,2023-07-28
321.0,Sarah,Robertson,F,372 Blake Valley Apt. 901,West Christopher,IN,46953,US,Oceanographer,691.975.6971,iharris@example.org,476-39-1266,1985-06-18,2016-09-13
379.0,Benjamin,Tran,M,1983 Michael Circle Suite 367,West Jefferyburgh,WV,25548,US,Engineering geologist,001-297-686-5396x7679,lopezcody@example.net,155-38-8250,1988-04-23,2020-08-31
54.0,Chloe,Clark,F,0573 Thomas Mills Suite 671,East Tony,AZ,86435,US,Higher education careers adviser,(252)964-7788x3544,olivia43@example.net,011-02-2155,1990-01-23,2016-04-27
397.0,Carol,Williams,F,5580 Lopez Bridge,Ryanmouth,AK,99928,US,Arts development officer,+1-281-874-4376x450,burtonemma@example.net,254-18-6758,1988-02-21,2022-05-13
88.0,Casey,Smith,M,70778 Watson Roads,West Ian,OH,45801,US,Corporate treasurer,+1-616-457-7447,donald06@example.com,872-30-7520,1994-11-24,2020-06-05
76.0,Emily,Harper,F,2441 Barnett Landing,New Tonymouth,AK,99600,US,Insurance risk surveyor,(826)665-0430x559,andersonjohn@example.org,508-30-3277,1991-10-19,2021-03-10
270.0,Natalie,Massey,F,1647 Adams Plains,East Joelburgh,DE,19774,US,Dealer,001-427-460-2602x243,warrenedwin@example.org,392-14-7099,1986-03-27,2023-10-02
66.0,Ashley,Wilson,F,65913 Sheila Divide Suite 315,Garciamouth,KY,41939,US,Advertising art director,001-958-879-6788x4728,katherinephillips@example.net,869-96-2941,1984-10-23,2022-08-11
78.0,Emily,Larsen,F,90692 Ashley Estate,Port Richardshire,GA,31404,US,Minerals surveyor,741.778.9752x99357,jacqueline55@example.com,305-35-2988,1981-12-20,2019-06-10
333.0,Whitney,Daniel,F,6472 Cook Turnpike,New Allison,VA,23809,US,Waste management officer,8168689403,tinarichardson@example.org,057-71-8095,1994-02-20,2018-10-27
315.0,Michael,Ward,M,8567 Velez Spur Apt. 972,Jeffreystad,MS,38732,US,Volunteer coordinator,2217356430,umclaughlin@example.org,452-44-9572,1981-12-06,2022-10-19
453.0,Courtney,Taylor,F,8312 Ryan Underpass Suite 607,South Joshua,MS,39397,US,"Engineer, electronics",969.846.4111x75105,serranomartin@example.com,597-29-5288,1983-03-25,2018-06-22
61.0,Anthony,Holmes,M,123 Holloway Plain,Mitchellmouth,CO,81355,US,Seismic interpreter,739.745.9298,kayla98@example.org,458-08-7092,1993-09-20,2020-07-31
114.0,Seth,Robinson,M,1863 Lopez Camp,Victorfurt,NM,88395,US,Barista,665.263.2445,jessica33@example.com,453-23-9255,1982-09-10,2019-04-13
234.0,Cindy,Lambert,F,86986 Courtney Mills,Brianside,IL,61873,US,Recruitment consultant,9927486736,ecowan@example.org,118-92-6868,1985-06-03,2021-06-28
35.0,Frank,Bailey,M,7827 Vasquez Prairie,Madisonborough,OR,97639,US,Chief Financial Officer,001-789-849-4856x406,lwood@example.org,303-90-3098,1988-12-30,2018-06-01
425.0,Erica,Martin,F,86736 Rodriguez Centers Suite 328,North Craig,DE,19976,US,Commercial/residential surveyor,(588)356-4174x5341,jwatson@example.com,379-88-3049,1984-03-26,2021-11-30
275.0,Michael,Wright,M,5112 Jeremiah Mount Suite 152,North Elizabeth,ID,83476,US,Sales executive,(657)668-9966,brenda62@example.org,033-22-7068,1990-03-31,2016-11-15
28.0,Bonnie,Daniel,F,540 Harris Estate,Lake Charles,WV,26453,US,Homeopath,(318)459-2421,smithchristopher@example.net,401-91-7468,1988-11-04,2020-11-16
311.0,Deborah,Haynes,F,46200 Holmes Islands,Craigborough,NV,89298,US,"Administrator, arts",+1-575-537-7305,robertdavis@example.com,587-15-8938,1990-08-30,2017-02-28
168.0,Allison,Johnson,F,37984 Bates Street Apt. 896,Laurenburgh,CT,06232,US,"Restaurant manager, fast food",614.399.2782x48235,portertimothy@example.org,759-99-6787,1980-04-28,2015-03-16
102.0,Aaron,Erickson,M,05447 Turner Inlet Apt. 491,Brandtton,RI,02830,US,"Engineer, agricultural",612.268.8221,rjones@example.com,088-54-5452,1988-12-19,2018-06-19
392.0,Gwendolyn,Hurley,F,7474 Michael Run Suite 767,Lake Matthew,NH,03090,US,Film/video editor,001-409-963-6251,ryan69@example.net,349-49-7063,1993-02-06,2018-03-26
32.0,James,Strong,M,8323 Kathy Burgs Suite 196,Woodshaven,WV,26761,US,"Surveyor, insurance",(393)376-0820x39126,wheelerstacey@example.com,563-17-6917,1986-12-17,2016-04-14
375.0,Michael,Sims,M,7804 Brittany Junctions Suite 863,West Jamesborough,IL,61596,US,Financial planner,553.815.8438,romerokenneth@example.org,149-97-4553,1993-02-10,2015-08-17
474.0,Gregg,Roberts,M,38176 Brown Locks Suite 948,South Sandra,KS,66639,US,Magazine journalist,+1-411-766-5934x19910,caroline35@example.org,117-41-9952,1988-09-09,2018-08-10
268.0,Kristi,Smith,F,727 David Extension Suite 746,Port Steven,MA,01970,US,Medical illustrator,001-350-685-7978x707,jesusschmidt@example.net,888-23-2869,1991-10-15,2023-07-13
222.0,Blake,Fernandez,M,0906 Daniel Throughway,Baileyfort,MD,20829,US,Psychiatrist,+1-268-911-1131x41503,martinezpamela@example.net,220-42-7293,1991-11-25,2020-06-29
457.0,Erica,Blevins,F,803 Anderson Vista,Seanhaven,WI,53841,US,Public house manager,(994)841-3285,abigailhale@example.com,299-44-5650,1992-04-04,2021-11-19
11.0,Jacqueline,Lopez,F,497 Sheppard Pass Suite 315,New Jessicamouth,LA,70113,US,Proofreader,894.497.8873x41177,melissaklein@example.net,591-34-0009,1995-11-10,2023-04-21
91.0,Tina,Gibson,F,5381 Mark Hollow,Georgemouth,SC,29802,US,Hospital doctor,(579)397-4875,angelacox@example.net,076-45-0113,1982-11-12,2019-03-14
217.0,Brandon,York,M,8800 Erika Island,New Justin,MD,21322,US,Magazine journalist,(396)627-6607x609,htorres@example.org,185-13-6673,1991-11-26,2018-07-06
490.0,Peter,Mcdaniel,M,45265 Singh Fort Suite 836,Heatherport,NE,68079,US,"Designer, interior/spatial",950.932.7432,karensullivan@example.com,391-98-9387,1986-04-09,2016-10-30
388.0,Brian,Salas,M,4468 Moore Key Apt. 459,Jessicaborough,SD,57749,US,Occupational therapist,+1-233-883-5947x3118,bestmaria@example.net,599-40-5110,1989-11-27,2016-02-10
19.0,Carlos,Barr,M,6483 Erica Radial,Millerstad,NC,27030,US,Systems analyst,+1-870-386-6196x56459,ebonilla@example.net,260-57-1888,1984-03-28,2015-08-10
313.0,Leslie,Bailey,F,560 Teresa Alley,East Colleen,IA,52680,US,Claims inspector/assessor,252.381.2687,jamie63@example.org,048-12-1111,1988-12-22,2017-09-08
435.0,Clayton,White,M,78223 Dawn Harbors Suite 039,Lynnstad,ID,83271,US,Drilling engineer,(790)571-3122,szuniga@example.org,449-32-8228,1987-05-17,2016-01-27
286.0,Lori,Jacobs,F,84127 Johnson Lights,Port Jimmychester,OK,73191,US,"Development worker, international aid",917-902-3595,chase15@example.net,587-08-0339,1995-01-22,2017-10-19
151.0,Christopher,Wilson,M,970 Espinoza Lights Apt. 452,Jamesland,CA,92626,US,TEFL teacher,686-326-4193x7816,felicia33@example.net,741-75-6448,1987-06-02,2020-11-06
88.0,Rebecca,Burnett,F,90328 Watson Squares,Vargasfurt,LA,70899,US,Scientific laboratory technician,+1-746-386-4199,rangelpaul@example.com,267-91-7609,1984-10-01,2023-11-07
135.0,Ryan,Dawson,M,19673 Evans Street Suite 412,Lake Brad,NH,03520,US,Paramedic,469.766.0206x67132,rhodesmichael@example.net,812-95-5689,1990-01-03,2017-09-29
162.0,Amber,Bridges,F,5036 Nichole Avenue Apt. 359,Jonesfurt,SC,29008,US,Mudlogger,3473826326,delacruzjohn@example.org,254-89-5293,1985-01-02,2021-12-30
151.0,Jason,Valentine,M,73625 Patricia View Suite 585,Port Guyland,AZ,85701,US,"Editor, commissioning",(331)827-8497x848,leelori@example.net,247-33-5183,1994-08-05,2016-10-15
303.0,Vanessa,Quinn,F,235 Conner Throughway,North Elizabeth,GA,30356,US,Office manager,001-703-944-0575x584,garrisonjasmine@example.org,715-88-4266,1989-04-03,2019-04-12
489.0,Jeremy,Dawson,M,71872 Alvarado Causeway Suite 094,East Kevinview,OK,73046,US,Town planner,822.358.5988x345,khall@example.org,262-73-1776,1993-07-11,2019-07-26
271.0,Jeffrey,Trevino,M,46101 Davis Pines Apt. 928,Allenmouth,NM,88277,US,Phytotherapist,001-706-230-6884x442,jodithompson@example.org,623-10-6826,1980-02-19,2018-08-17
455.0,Tracy,Cannon,F,58485 Jason Garden,Guzmantown,UT,84764,US,Research scientist (medical),752.351.5046x875,rayjonathan@example.net,098-38-7286,1993-03-19,2018-12-20
153.0,Kayla,Phillips,F,4352 Thomas Point Suite 100,Harperport,CO,81355,US,Television floor manager,001-469-564-5790x8681,madisonbailey@example.org,292-65-8540,1992-03-30,2017-04-17
103.0,Michael,Smith,M,715 Greer Meadows,East Bettyville,MD,21519,US,Clinical psychologist,(629)593-8377,brittany55@example.net,590-69-3199,1985-12-27,2018-03-19
459.0,Steven,Garrett,M,369 Marshall Square Suite 110,Powersmouth,LA,71076,US,"Producer, television/film/video",(747)950-4210x104,tmatthews@example.net,327-01-0010,1993-10-02,2016-10-23
306.0,Mario,Torres,M,95653 Dunlap Freeway Apt. 832,Lake Josephmouth,OR,97305,US,Contracting civil engineer,871.266.7430x71413,yanderson@example.net,873-91-0832,1993-02-11,2021-04-20
459.0,John,Soto,M,94109 Fuller Knolls Suite 318,Michelleshire,WV,24989,US,Public relations officer,881-468-7104x555,michael93@example.net,542-59-1835,1982-06-26,2018-02-24
12.0,Danielle,Holloway,F,534 Alyssa Brooks,Port Katherineside,OK,73131,US,"Nurse, children's",+1-891-790-3897,john96@example.org,763-53-6151,1983-02-27,2016-12-07
344.0,Christina,Smith,F,05513 Lee Prairie Suite 855,Bondchester,NJ,08360,US,Science writer,+1-396-326-4867x94017,zavalanathaniel@example.com,788-76-4460,1992-12-20,2019-12-31
422.0,William,Trujillo,M,894 Mckay Ports Apt. 033,Diazmouth,CT,06359,US,Technical sales engineer,(858)345-3240,lawsonpaul@example.com,231-91-6474,1992-12-06,2015-05-10
125.0,Michael,Sanchez,M,598 Charles Rest,Jasonville,UT,84482,US,Geophysicist/field seismologist,913.202.3898x61106,thomas25@example.net,850-57-5360,1987-04-19,2021-06-26
195.0,Sharon,Richardson,F,606 Hudson Court Suite 204,East Christopher,NY,12176,US,Corporate treasurer,001-473-289-9418x249,tony83@example.com,521-03-7724,1991-12-23,2017-04-19
384.0,Jesse,Bennett,M,8351 Christopher Corners Apt. 389,Mcleanborough,CA,91960,US,Web designer,001-229-224-1244x275,phyllischarles@example.net,361-73-7382,1985-05-17,2022-07-20
67.0,Eric,Hunt,M,0661 Gary Divide,West Joseph,RI,02827,US,Economist,239.561.0437x994,elizabeth77@example.org,323-71-2922,1989-02-04,2020-05-07
110.0,Jessica,Moran,F,2337 Billy Wall Apt. 364,Kevinbury,HI,96707,US,Homeopath,748.558.8668,mross@example.com,777-90-2542,1985-08-14,2020-11-27
53.0,David,Moon,M,13295 Melissa Stream Apt. 449,Port Andrew,CA,93190,US,"Designer, blown glass/stained glass",5454527584,david75@example.net,579-86-6049,1994-05-07,2021-09-18
325.0,Matthew,James,M,2067 Hughes Springs Apt. 297,North Georgeport,NV,89128,US,Curator,624-229-4551x5265,jterrell@example.net,472-38-1760,1993-12-28,2023-06-28
42.0,Jason,Allison,M,641 David Station Apt. 951,Perryview,WA,98306,US,"Secretary, company",609.294.7817,donaldrandolph@example.com,550-05-9522,1993-04-22,2021-02-27
63.0,David,Campbell,M,032 Troy Mews Apt. 825,Davischester,LA,70193,US,"Programme researcher, broadcasting/film/video",+1-933-343-8102x5105,edwardhuynh@example.org,385-37-9257,1988-01-22,2016-03-10
122.0,Christina,Graves,F,63817 Jennifer Trail,Andersonville,OH,45193,US,Industrial buyer,(900)390-0350x40917,donnasullivan@example.org,807-23-6582,1990-04-14,2015-10-13
416.0,Sharon,Lopez,F,3475 Mcbride Spur Suite 980,Kennedyshire,NY,13705,US,"Runner, broadcasting/film/video",+1-697-641-5926x327,fdixon@example.com,008-04-1030,1983-02-14,2019-11-25
41.0,Janet,Smith,F,31349 Melissa Walk,Byrdbury,PA,15913,US,Special effects artist,6832932295,wilsonjohn@example.net,728-38-2241,1984-02-18,2019-07-19
444.0,Michelle,Morris,F,36021 Timothy Springs Apt. 818,Alvarezstad,NH,03755,US,Research scientist (maths),4613260265,fross@example.com,620-74-5750,1983-05-19,2022-04-23
117.0,Kathryn,Patterson,F,026 Sean Creek,Thomasstad,MA,02142,US,"Buyer, retail",357.940.4844x465,shanedavis@example.com,234-65-4171,1980-02-11,2017-05-26
361.0,Jason,Johnson,M,1934 Clay Pike Apt. 525,West Patriciaburgh,IL,60745,US,"Engineer, agricultural",2962081591,joseph77@example.org,880-27-4473,1987-07-09,2016-08-25
337.0,Karen,Hunter,F,67819 Morrow Mount,Garciaside,ME,04742,US,Psychiatric nurse,(979)255-4935x333,tanya82@example.com,054-31-0565,1980-03-08,2018-09-16
406.0,Rachel,Graves,F,4662 William Street,Marissatown,NY,11889,US,Plant breeder/geneticist,+1-440-277-4169x689,ihernandez@example.com,348-85-0945,1983-01-16,2019-11-28
230.0,Stuart,Diaz,M,630 Gonzalez Garden,Robertville,DE,19704,US,Film/video editor,4638290839,ryancabrera@example.com,080-01-1888,1983-08-15,2021-05-24
333.0,Amy,Cunningham,F,68335 Brown Alley,Port Johnland,IA,52047,US,"Surveyor, minerals",+1-324-716-7051x8719,floresstephanie@example.net,114-89-5648,1982-02-12,2023-02-06
336.0,Eric,Schwartz,M,5879 Stephanie Drives Suite 135,Lake Kimberlyborough,LA,70087,US,Financial controller,001-741-692-2561x676,owenssandra@example.net,365-02-2447,1986-12-12,2015-08-07
9.0,Lisa,Rodriguez,F,6573 Brandon Brooks,North Ashley,WA,98604,US,"Designer, fashion/clothing",969-714-8697,chanbrenda@example.org,026-69-0618,1981-07-04,2022-07-26
178.0,Catherine,Allison,F,2586 Rojas Pass Suite 259,West Tonyborough,HI,96874,US,Horticultural therapist,(337)921-4872x16026,smithchristopher@example.org,059-39-5709,1986-01-06,2018-09-24
322.0,Stephanie,Williams,F,4264 Calvin Isle,North Anthony,CT,06098,US,"Administrator, arts",(349)763-5959,henry76@example.net,387-91-8091,1988-04-04,2023-04-14
297.0,Erica,Miller,F,0406 Brooks Keys,Amandaland,MO,64980,US,Games developer,+1-843-204-8958x2432,alec75@example.com,283-89-6081,1986-07-01,2020-05-26
219.0,Jocelyn,Ortiz,F,628 Lucas Fort,New Mary,MT,59153,US,"Research officer, trade union",517-969-0848,tinaeverett@example.com,281-41-2580,1984-01-29,2015-03-11
395.0,Thomas,Baker,M,54573 Jacob Harbor,Tiffanyberg,RI,02923,US,Ranger/warden,766-579-3239,mark20@example.com,628-96-4482,1982-12-06,2022-11-15
421.0,Raymond,Ramirez,M,3391 Stewart Meadow Suite 215,New Andreport,AL,35025,US,Printmaker,(645)998-3639x6383,paul13@example.net,341-02-7864,1993-08-15,2020-06-25
366.0,Richard,Hurley,M,51753 Anderson Fork Suite 341,Richardsonmouth,MI,49433,US,"Programme researcher, broadcasting/film/video",+1-538-250-4929x81353,wgonzalez@example.org,825-03-9745,1988-03-17,2023-05-18
336.0,Nicholas,Pittman,M,29442 Norman Corners,Dianeside,CO,81525,US,Illustrator,333.478.6663,jjohnson@example.com,364-18-1614,1983-07-10,2018-08-26
126.0,Emma,Williams,F,230 Jonathan Ports Suite 569,Boonechester,ID,83695,US,Industrial buyer,(633)616-9277x461,lopezjoseph@example.com,351-41-0058,1988-09-18,2020-12-22
410.0,Anna,Wilson,F,0483 Tara Inlet,Kimburgh,FL,32823,US,Paediatric nurse,8793953619,jose35@example.net,345-03-2408,1988-10-02,2015-11-05
333.0,Julie,Pittman,F,7482 Tina Vista,North Marcburgh,CO,80655,US,Passenger transport manager,+1-763-805-7206x2097,everettrhonda@example.net,665-75-4083,1991-10-11,2018-11-23
412.0,Bradley,Hickman,M,32543 Brewer Lakes,Breannachester,IA,50721,US,Teaching laboratory technician,530-760-1034x399,crawfordbrian@example.com,139-95-5510,1994-01-30,2023-04-05
189.0,Lori,Anderson,F,944 Chandler Station,East Josephmouth,OH,44199,US,"Accountant, chartered",+1-431-626-7608x6350,tfrank@example.net,261-79-9075,1985-06-18,2021-06-04
212.0,Jonathan,Higgins,M,29535 Richard Expressway,North Kevin,OR,97740,US,IT consultant,853-393-9090x8958,nritter@example.org,542-08-8219,1984-01-27,2021-05-12
447.0,Wayne,Villa,M,159 Don Well Suite 906,East Lisa,HI,96735,US,Race relations officer,+1-770-573-1626x5604,bjohnson@example.net,184-59-6212,1990-09-28,2018-06-01
171.0,Derek,Robles,M,67618 Reyes Walk,Port Pamela,LA,70848,US,Occupational therapist,(930)361-6175x4309,bwashington@example.org,507-88-3600,1988-06-17,2016-10-02
309.0,Sherry,Moore,F,8999 Justin Roads Suite 605,Lake Richard,IN,46028,US,"Programmer, applications",(803)586-1818x88541,lesliecunningham@example.com,366-73-1915,1985-04-30,2021-11-07
405.0,Michael,Soto,M,9303 Mary Pines,Douglasshire,NE,68047,US,Insurance account manager,001-784-282-6506x689,benjaminprince@example.com,455-27-9154,1984-02-26,2019-10-22
70.0,Kathy,Garcia,F,765 Heather Extension Suite 847,North Sarah,CO,81377,US,"Programmer, multimedia",+1-903-381-0302x8756,zho@example.com,433-39-1642,1992-07-27,2018-02-01
357.0,Austin,Powell,M,956 Oconnell Row,West Williamland,AR,72385,US,Environmental consultant,(786)487-2573,yesenia83@example.com,121-35-1320,1989-11-24,2019-09-08
379.0,Michael,Sullivan,M,59483 Brad Forest,Amberview,HI,96786,US,Solicitor,+1-255-314-0379x462,romerojennifer@example.net,497-56-1808,1987-05-13,2022-10-08
54.0,Monica,Hall,F,47551 William Summit Suite 785,Jenniferside,CA,92805,US,Dentist,594.849.2832,shieldsmolly@example.net,502-83-3746,1988-05-05,2020-01-26
152.0,Christopher,Alexander,M,214 Christina Forks Apt. 030,Port Ruthborough,IN,47628,US,"Nurse, children's",795-749-2366x957,kimberly39@example.org,119-15-2747,1987-02-12,2022-04-30
350.0,Christopher,Johnson,M,9885 Brianna Radial,Port Karen,MN,55156,US,Lobbyist,346.450.1869x0888,scottjeffery@example.net,799-54-2867,1995-12-02,2023-04-17
397.0,Alexandra,Kelley,F,3374 Kenneth Creek Suite 099,North Vanessafort,VA,24181,US,Purchasing manager,205.814.1141x7025,turnertodd@example.net,443-27-4956,1995-12-02,2018-09-04
326.0,Gabriella,Thornton,F,92316 Carol Freeway Suite 381,Thompsonville,NM,87899,US,Accommodation manager,820.451.0832x258,mcox@example.org,774-14-1887,1987-04-17,2021-06-20
42.0,Casey,Ryan,M,65682 Dunlap Circle,Anneborough,NJ,07298,US,Claims inspector/assessor,+1-256-512-2880x44545,brandonsimon@example.net,558-99-8489,1993-01-11,2021-05-27
448.0,Travis,Medina,M,671 Hughes Well,East Shawn,CT,06180,US,Legal secretary,252.353.1906x0586,davidrhodes@example.com,783-60-0778,1984-08-04,2017-12-18
